{"R": 136.46000486591697, "G": 115.41527747741253, "B": 105.89606161091888}