{"R": 88.23688455161476, "G": 75.00436731064976, "B": 90.17135837178009}